Customer_ID,Customer_Name,Email,Join_Date
100001,Derek Murphy,brandy12@example.net,2019-11-12
100002,Christina Hoover,patriciawarren@example.net,2019-11-12
100003,Jennifer Mahoney,thomas89@example.com,2019-11-12
100004,James Hall,hwilliams@example.com,2019-11-12
100005,Jeffrey Jackson,erikaclark@example.net,2019-11-12
100006,Miranda House,donna68@example.net,2019-11-12
100007,Robert Aguilar,hawkinstimothy@example.org,2019-11-12
100008,Christy Burns,carla04@example.net,2019-11-12
100009,Alyssa Schmidt,qbass@example.com,2019-11-12
100010,Jennifer Grant,lindawilliams@example.com,2019-11-12
100011,Patrick Thomas,ashleymorales@example.com,2019-11-12
100012,Jay York,phillipsfrederick@example.net,2019-11-12
100013,Donald Hatfield,smithreginald@example.net,2019-11-12
100014,John Armstrong,madison09@example.net,2019-11-12
100015,Robert Camacho,cmurphy@example.com,2019-11-12
100016,Dawn Hicks,operez@example.org,2019-11-12
100017,Aaron Ramirez,brandycarroll@example.net,2019-11-12
100018,Natalie Miller,ernest66@example.org,2019-11-12
100019,Michael Harris,edwardsbrian@example.org,2019-11-12
100020,Mike Suarez,jkim@example.org,2019-11-12
100021,Anna Jackson,kristinsnyder@example.net,2019-11-12
100022,Matthew Wilson,nwest@example.com,2019-11-12
100023,Manuel Pham,tonya21@example.com,2019-11-12
100024,Austin Lara,crystalschultz@example.net,2019-11-12
100025,Laura White,njackson@example.net,2019-11-12
100026,Edward Jensen,sarah40@example.com,2019-11-12
100027,Jeanne Peterson,jamesklein@example.com,2019-11-12
100028,Melissa Walker,jeffreypalmer@example.net,2019-11-12
100029,Sarah Russell,deborah85@example.org,2019-11-12
100030,Jason Walters,amiles@example.net,2019-11-12
100031,Jennifer Taylor,patricia26@example.net,2019-11-12
100032,Keith Stewart,alexallen@example.org,2019-11-12
100033,Tony Johnson,mark72@example.net,2019-11-12
100034,Jennifer Cooper,youngmary@example.org,2019-11-12
100035,Michael Maldonado,camposbethany@example.net,2019-11-12
100036,Rebecca Sullivan,markross@example.net,2019-11-12
100037,Angela Thomas,vvega@example.com,2019-11-12
100038,Jonathan Hall,ishaw@example.net,2019-11-12
100039,Kimberly Weaver,brownjessica@example.net,2019-11-12
100040,Robert Collins,michaelreed@example.net,2019-11-12
100041,Susan Wright,alexispierce@example.net,2019-11-12
100042,Alexandra Nguyen,andrew23@example.com,2019-11-12
100043,Darrell Roberts,brandongriffin@example.net,2019-11-12
100044,Jeffrey Nelson,nmccoy@example.org,2019-11-12
100045,Scott Leon,ibauer@example.org,2019-11-12
100046,Ryan Mendoza,randallmitchell@example.com,2019-11-12
100047,Kimberly Nash,zpierce@example.com,2019-11-12
100048,Brian Robinson,jennifermyers@example.com,2019-11-12
100049,April Meyers,tsimpson@example.org,2019-11-12
100050,Jason Chavez,williamsmorgan@example.com,2019-11-12
100051,Frank Schwartz,robertbeard@example.com,2019-11-12
100052,Norma Thomas,victoria77@example.net,2019-11-12
100053,Vanessa Martinez,warecourtney@example.com,2019-11-12
100054,David Smith,dgrimes@example.com,2019-11-12
100055,Elizabeth Allen,rachelerickson@example.com,2019-11-12
100056,Kyle Barton,laurenfrank@example.net,2019-11-12
100057,David Keith,owilliams@example.org,2019-11-12
100058,Norma Harvey,wtran@example.com,2019-11-12
100059,Fernando Mcdaniel,fosterfaith@example.org,2019-11-12
100060,Rebecca Rodriguez,phillipsmandy@example.org,2019-11-12
100061,Alexander Oneill,gilbertjennifer@example.com,2019-11-12
100062,Kathleen Dixon,kcampbell@example.com,2019-11-12
100063,Beth Henderson,hhaynes@example.org,2019-11-12
100064,John Powell,jameswagner@example.org,2019-11-12
100065,Kathy Hawkins,brandtmichelle@example.com,2019-11-12
100066,Jason Williams,amyallen@example.net,2019-11-12
100067,Christina Adams,anna31@example.com,2019-11-12
100068,Amy Smith,robertmiller@example.com,2019-11-12
100069,Sheila Morrison,michaelzavala@example.org,2019-11-12
100070,Chelsea Chase,dillon07@example.com,2019-11-12
100071,Rebecca Simpson,briana45@example.net,2019-11-12
100072,Julie Brown,brent11@example.com,2019-11-12
100073,Sheri Blackwell,williamstammy@example.com,2019-11-12
100074,Angela Singleton,mary59@example.org,2019-11-12
100075,Jacqueline Barrera,robertmorris@example.com,2019-11-12
100076,Bryan Sanchez,george98@example.net,2019-11-12
100077,James Brown,davisangel@example.net,2019-11-12
100078,Dylan Espinoza,madison26@example.org,2019-11-12
100079,Alexis Simpson,ryanferrell@example.net,2019-11-12
100080,Matthew Hodge,walterwang@example.net,2019-11-12
100081,Chris Goodwin,matthew62@example.net,2019-11-12
100082,Jeremiah Townsend,davidjohnson@example.org,2019-11-12
100083,Eric Hernandez,clintonjohnson@example.org,2019-11-12
100084,Fernando Lynn,chunt@example.net,2019-11-12
100085,Christina Cannon,benjamin52@example.org,2019-11-12
100086,Stephanie Johnson,vargassarah@example.com,2019-11-12
100087,William Fuentes,gina22@example.org,2019-11-12
100088,Shawn Rios,casey60@example.org,2019-11-12
100089,Tom Patel,harringtonphilip@example.net,2019-11-12
100090,Kristy Wright,ybell@example.net,2019-11-12
100091,Ashley Crane,uhoward@example.org,2019-11-12
100092,Daniel Mayer,brownkevin@example.org,2019-11-12
100093,Jeremy Wilson,donald99@example.net,2019-11-12
100094,Beth Scott,jeffrey13@example.com,2019-11-12
100095,Laura Johnson,gdavis@example.com,2019-11-12
100096,Michael Taylor,lgriffith@example.com,2019-11-12
100097,Julie Harper,michaelmiller@example.net,2019-11-12
100098,Jacqueline Curtis,hwoods@example.net,2019-11-12
100099,Alexandria Lewis,jlarsen@example.com,2019-11-12
100100,Nicholas Harris,johngraves@example.net,2019-11-12
100101,Brian Johnson,nealmichael@example.com,2019-11-12
100102,Rhonda Griffith,mooredaniel@example.org,2019-11-12
100103,Roger Ross,roytaylor@example.org,2019-11-12
100104,Joel Johnson,castanedalindsey@example.net,2019-11-12
100105,Craig Buchanan,umartinez@example.org,2019-11-12
100106,Jose Brown,wanda60@example.net,2019-11-12
100107,Ian Clark,buchanananthony@example.com,2019-11-12
100108,Craig Walls,ortegagerald@example.com,2019-11-12
100109,Jason Villegas,eric75@example.com,2019-11-12
100110,Aaron Saunders,sherri49@example.net,2019-11-12
100111,Robin Guzman,xwalker@example.com,2019-11-12
100112,Jacqueline Shaffer,lawrenceedward@example.com,2019-11-12
100113,James Fernandez,hayesian@example.net,2019-11-12
100114,Kimberly Gordon,rwalters@example.net,2019-11-12
100115,Jack Benjamin,victoriawhite@example.org,2019-11-12
100116,Dawn Johnston,fturner@example.com,2019-11-12
100117,Jessica Ortiz,briangreen@example.net,2019-11-12
100118,Brian Ross,kpearson@example.org,2019-11-12
100119,Anthony Johnson,silvaralph@example.net,2019-11-12
100120,Brandon Stevens,sheribarrera@example.com,2019-11-12
100121,Michael Guzman,carterjoseph@example.net,2019-11-12
100122,Justin Petty,pnorton@example.net,2019-11-12
100123,Shelly Davis,brandon42@example.com,2019-11-12
100124,Kenneth Schroeder,mathewsanchez@example.org,2019-11-12
100125,David Glover,allenlynn@example.net,2019-11-12
100126,Megan Rich,oclarke@example.net,2019-11-12
100127,Claire Wilson,peterwalsh@example.com,2019-11-12
100128,Whitney Stevens,vmayo@example.net,2019-11-12
100129,Gary Hamilton,erinbecker@example.com,2019-11-12
100130,John Montgomery,silvacynthia@example.com,2019-11-12
100131,Bryan Martinez,susanmorales@example.com,2019-11-12
100132,Spencer Barr,hayesmatthew@example.org,2019-11-12
100133,Kaitlyn Thomas,zmendoza@example.com,2019-11-12
100134,Lisa Perez,abarton@example.com,2019-11-12
100135,Monique Smith,arthurwarner@example.org,2019-11-12
100136,Timothy Bishop,steelezachary@example.com,2019-11-12
100137,Sandra Bowen,gary59@example.com,2019-11-12
100138,Steven White,jennifer87@example.org,2019-11-12
100139,Kimberly Cordova,qreese@example.com,2019-11-12
100140,Jonathan Price,vhernandez@example.net,2019-11-12
100141,Jeffrey Whitaker,gilmorecheryl@example.com,2019-11-12
100142,Robert Martinez,xwest@example.com,2019-11-12
100143,Mary Johnson,pinedaroberto@example.com,2019-11-12
100144,Robert Sanchez,jennifermorrison@example.net,2019-11-12
100145,Eric Hernandez,ghiggins@example.net,2019-11-12
100146,Ronald Mendez,jordanmurphy@example.net,2019-11-12
100147,Jacob Kelly,qsanchez@example.org,2019-11-12
100148,Rachel Norman,barbararamsey@example.com,2019-11-12
100149,Paul Davis,dianachen@example.com,2019-11-12
100150,Barbara Hernandez,mchavez@example.org,2019-11-12
100151,Stephanie Lewis,qtaylor@example.org,2019-11-12
100152,Laura Rollins,johnsonmark@example.net,2019-11-12
100153,Troy Colon,torresstephanie@example.net,2019-11-12
100154,Tracey Glass,barrymike@example.net,2019-11-12
100155,Robert Nolan,mary56@example.com,2019-11-12
100156,Barbara Watson,walkercynthia@example.com,2019-11-12
100157,Matthew Williams,ssweeney@example.org,2019-11-12
100158,Gregory Bryan,nwashington@example.net,2019-11-12
100159,Madison Torres,oobrien@example.com,2019-11-12
100160,Adam Marshall,suzannehinton@example.com,2019-11-12
100161,Dennis Mayo,bonniestewart@example.org,2019-11-12
100162,Cheryl White,benjaminrivers@example.net,2019-11-12
100163,Danielle Walker,tsexton@example.net,2019-11-12
100164,Brooke Scott,nicholsdiana@example.net,2019-11-12
100165,Lauren Nelson,stephentaylor@example.org,2019-11-12
100166,Laura Schwartz,dfrye@example.org,2019-11-12
100167,Daniel Johnson,margaretstanley@example.com,2019-11-12
100168,Spencer Gibson,hryan@example.net,2019-11-12
100169,Gabrielle Harper,richard77@example.net,2019-11-12
100170,Hannah Ali,gnguyen@example.net,2019-11-12
100171,Travis Smith,campbellholly@example.net,2019-11-12
100172,William Young,cynthiawilliams@example.org,2019-11-12
100173,Justin Hughes,katrina11@example.com,2019-11-12
100174,Mary Dixon,bishopstephen@example.net,2019-11-12
100175,David Byrd,jonesjames@example.org,2019-11-12
100176,Rebecca Fuller,adamsryan@example.com,2019-11-12
100177,Joseph Wilson,staylor@example.com,2019-11-12
100178,Whitney Hernandez,derrickknapp@example.net,2019-11-12
100179,Andrew Horton,johnbernard@example.org,2019-11-12
100180,Michelle Kelly,rrobinson@example.com,2019-11-12
100181,Patricia Nelson,nathan55@example.net,2019-11-12
100182,Amber Smith,harrisbonnie@example.net,2019-11-12
100183,Ryan Cooper,juliarusso@example.net,2019-11-12
100184,Jonathan Hardy,loliver@example.com,2019-11-12
100185,Lisa Chase,usanchez@example.net,2019-11-12
100186,Phillip Wilson,wmoreno@example.org,2019-11-12
100187,David Allison,bethany79@example.org,2019-11-12
100188,Cheryl Weber,uhutchinson@example.com,2019-11-12
100189,Catherine Smith,tateemily@example.net,2019-11-12
100190,Maria Butler,lobrien@example.net,2019-11-12
100191,Leah Gibson,dianawalker@example.org,2019-11-12
100192,Teresa Rhodes,philipingram@example.org,2019-11-12
100193,Chad Gonzalez,ryannicholson@example.com,2019-11-12
100194,Susan Smith,nicolemarshall@example.com,2019-11-12
100195,Jennifer Huffman,rogerselizabeth@example.com,2019-11-12
100196,Christopher Bell,imacias@example.org,2019-11-12
100197,Kayla Ball,wkelly@example.net,2019-11-12
100198,Patrick Soto,pcox@example.com,2019-11-12
100199,Kenneth Bryant,troth@example.net,2019-11-12
100200,John Craig,carl50@example.com,2019-11-12
100201,Andrew Baker,juliancrawford@example.net,2019-11-12
100202,Heather Schneider,adam39@example.net,2019-11-12
100203,Douglas Green,paynejoseph@example.com,2019-11-12
100204,John Ward,bryan50@example.net,2019-11-12
100205,James Hayden,elizabethmcneil@example.com,2019-11-12
100206,Logan Strickland,bcook@example.com,2019-11-12
100207,Cheryl Adams,hnichols@example.net,2019-11-12
100208,Heather Hall,audreybryant@example.com,2019-11-12
100209,Donna Mullins,scottcaitlyn@example.com,2019-11-12
100210,John Campbell,bianca58@example.net,2019-11-12
100211,Steven Chan,brandi81@example.org,2019-11-12
100212,Adriana Mccarthy,jamessnyder@example.com,2019-11-12
100213,Bridget Cook,javier33@example.org,2019-11-12
100214,Kimberly Kim,mark02@example.org,2019-11-12
100215,Jessica Martin,elizabeth24@example.com,2019-11-12
100216,Raymond Campbell,xlee@example.net,2019-11-12
100217,Michael Rivera,sevans@example.net,2019-11-12
100218,Don Moore,aaron12@example.com,2019-11-12
100219,Tiffany Carter,ddeleon@example.com,2019-11-12
100220,Lindsey Barnes,elizabeth70@example.com,2019-11-12
100221,Adrian Flynn,mvargas@example.org,2019-11-12
100222,Elizabeth Wagner,mendozajessica@example.org,2019-11-12
100223,Christopher Moreno,gordon56@example.com,2019-11-12
100224,Michelle Knight,mason80@example.com,2019-11-12
100225,Kenneth Carter,luis37@example.org,2019-11-12
100226,Nicole Underwood,apriljohnson@example.com,2019-11-12
100227,Katrina Graves,jeffrey46@example.net,2019-11-12
100228,Michael Flores,pchoi@example.com,2019-11-12
100229,Kyle Barnes,andersonjoseph@example.com,2019-11-12
100230,Luis Allen,burkeian@example.com,2019-11-12
100231,Melissa Martinez,wlee@example.com,2019-11-12
100232,Leah Perez,valenciamelissa@example.org,2019-11-12
100233,Vanessa Arnold,crawfordjesse@example.org,2019-11-12
100234,Darryl Yu,meltonchristina@example.com,2019-11-12
100235,Jeff Clark,jenniferandrade@example.net,2019-11-12
100236,Bianca Gutierrez,ewelch@example.net,2019-11-12
100237,Jennifer Richardson,ljohnson@example.org,2019-11-12
100238,Jeffery Bell,popeashley@example.org,2019-11-12
100239,Mary Murray,william51@example.com,2019-11-12
100240,Donna Delacruz,jonesjoshua@example.org,2019-11-12
100241,Erica Miller,jennifer00@example.com,2019-11-12
100242,Kathy Boyer,jessica62@example.com,2019-11-12
100243,Scott Rollins,jessica87@example.com,2019-11-12
100244,Maria Martinez,loganvincent@example.org,2019-11-12
100245,Kevin Harvey,ryan36@example.com,2019-11-12
100246,Gregory Ponce,yromero@example.net,2019-11-12
100247,Michael Atkins,wrightbrandon@example.net,2019-11-12
100248,Tina Campbell,clewis@example.com,2019-11-12
100249,Kellie Barrett,gholder@example.net,2019-11-12
100250,Zachary Woods,maciastheresa@example.net,2019-11-12
100251,Rachel Martin,alexander40@example.com,2019-11-12
100252,Michelle Brown,lanedavid@example.com,2019-11-12
100253,Peter Schwartz,uavila@example.com,2019-11-12
100254,Jesse Zimmerman,samuel65@example.org,2019-11-12
100255,Dennis Marsh,jillian65@example.net,2019-11-12
100256,Anna Luna,ashley44@example.org,2019-11-12
100257,Richard Johnson,wattsnicole@example.net,2019-11-12
100258,Crystal Pearson,vadams@example.org,2019-11-12
100259,Stacey Valdez,alice20@example.com,2019-11-12
100260,Lisa Rose,johnsondouglas@example.org,2019-11-12
100261,Robert Johnson,williamgriffin@example.com,2019-11-12
100262,April Ballard,rwerner@example.com,2019-11-12
100263,Crystal Gardner,hamiltonjoshua@example.org,2019-11-12
100264,Vanessa Porter,tannerjohn@example.com,2019-11-12
100265,James Howard,james73@example.net,2019-11-12
100266,Carly Hall,michaelday@example.net,2019-11-12
100267,Joshua Martinez,wolferobert@example.com,2019-11-12
100268,Marissa Anderson,vincentandre@example.org,2019-11-12
100269,Peggy Thompson,gregory70@example.org,2019-11-12
100270,Lisa Haynes,nicolegonzalez@example.net,2019-11-12
100271,Veronica Marshall,qhughes@example.net,2019-11-12
100272,Thomas Gray,allison89@example.com,2019-11-12
100273,Sandra Curry,ipetersen@example.org,2019-11-12
100274,Linda Long,smithrachel@example.net,2019-11-12
100275,Vanessa Brown,smithperry@example.com,2019-11-12
100276,Jimmy Rivera,jasonwilson@example.com,2019-11-12
100277,Alexis Mcdaniel,rebecca17@example.org,2019-11-12
100278,Jennifer Smith,reiddavid@example.com,2019-11-12
100279,Karen Taylor,andersonmichael@example.org,2019-11-12
100280,Kelly Buckley,wrodriguez@example.com,2019-11-12
100281,Jeremy Williams,tbell@example.org,2019-11-12
100282,Misty Gibson,matthew39@example.com,2019-11-12
100283,William Mcguire,vjacobs@example.org,2019-11-12
100284,Michael Garrett,johnsonkathryn@example.com,2019-11-12
100285,Eric Gonzalez,lauraramos@example.net,2019-11-12
100286,Joseph Kerr,ericanderson@example.org,2019-11-12
100287,Sara Williams,xschmidt@example.com,2019-11-12
100288,Megan Williams,xjones@example.org,2019-11-12
100289,David Berger,newmanandrea@example.com,2019-11-12
100290,Jenna Schmidt,qcrawford@example.net,2019-11-12
100291,Katie Johnson,seanmartinez@example.com,2019-11-12
100292,William Clark,lcontreras@example.net,2019-11-12
100293,Brittany Long,alexandra02@example.org,2019-11-12
100294,Peggy Garrett,melissa41@example.net,2019-11-12
100295,Mark Reyes,milesjennifer@example.com,2019-11-12
100296,Kent Brown,wardbrian@example.net,2019-11-12
100297,Kelly Clark,prattdavid@example.net,2019-11-12
100298,Victoria Fields,jeffreylong@example.com,2019-11-12
100299,Jessica Allen,petersonmary@example.net,2019-11-12
100300,Brittany Singleton,wrightmark@example.org,2019-11-12
100301,Danny Smith,torresjesus@example.net,2019-11-12
100302,Jennifer Chandler,cooperjesse@example.com,2019-11-12
100303,Nicole Garcia,todd99@example.net,2019-11-12
100304,Johnny Watts,nruiz@example.com,2019-11-12
100305,Joel Torres,woodskirsten@example.com,2019-11-12
100306,Austin Francis,toddalvarez@example.net,2019-11-12
100307,Cindy Jackson,jesse85@example.net,2019-11-12
100308,Catherine Guzman,rramos@example.com,2019-11-12
100309,John Dennis,tarafowler@example.net,2019-11-12
100310,Paul Callahan,robertsolis@example.com,2019-11-12
100311,Melissa Price,matthew27@example.org,2019-11-12
100312,Curtis Summers,nathan22@example.org,2019-11-12
100313,Kevin Stephens,kgray@example.com,2019-11-12
100314,Michael Thompson,mjones@example.com,2019-11-12
100315,Sharon Young,jason52@example.com,2019-11-12
100316,Amanda Murray,smithcharles@example.org,2019-11-12
100317,Veronica Scott,austinharris@example.com,2019-11-12
100318,Matthew Watson,joelmarshall@example.org,2019-11-12
100319,Jennifer Rivera,kenneth05@example.com,2019-11-12
100320,Austin Thompson,beth68@example.org,2019-11-12
100321,Tyler Ramos,craigespinoza@example.org,2019-11-12
100322,Tamara Lowe,shawnwilliams@example.org,2019-11-12
100323,Amanda Navarro,byu@example.org,2019-11-12
100324,Donna Reyes,bmurphy@example.net,2019-11-12
100325,Ruben Mitchell,davismichael@example.net,2019-11-12
100326,Kelly Simmons,armstrongjoshua@example.net,2019-11-12
100327,Derek Sloan,robertsmith@example.com,2019-11-12
100328,Vanessa Little,danaharrison@example.com,2019-11-12
100329,Travis Lyons,sheltonnicole@example.org,2019-11-12
100330,Jacob Black,jesuslopez@example.net,2019-11-12
100331,Wanda Jimenez,wendy21@example.net,2019-11-12
100332,Daniel Warren,boneal@example.com,2019-11-12
100333,Jonathan Phillips,wattslawrence@example.org,2019-11-12
100334,John Jones,sarahdavis@example.org,2019-11-12
100335,Brian Elliott,amandaatkins@example.org,2019-11-12
100336,Justin Sanchez,antoniojackson@example.org,2019-11-12
100337,Thomas Miller,kayla71@example.org,2019-11-12
100338,Heather Shelton,ramirezdiana@example.com,2019-11-12
100339,Susan Whitney,victoria96@example.org,2019-11-12
100340,Cheryl Arellano,thomas12@example.net,2019-11-12
100341,Joshua Barnes,stevennichols@example.net,2019-11-12
100342,Margaret Rodriguez,aortiz@example.org,2019-11-12
100343,Vanessa Thomas,angela85@example.com,2019-11-12
100344,Kayla Martin,kellyjenkins@example.com,2019-11-12
100345,Donna Garcia,heididominguez@example.com,2019-11-12
100346,Nicole Mathis,riverashelby@example.com,2019-11-12
100347,Benjamin Cooley,joseph19@example.net,2019-11-12
100348,Theresa Barrett,robertothomas@example.com,2019-11-12
100349,Mark Hernandez,stephanie89@example.org,2019-11-12
100350,Andrew Warren,gary73@example.com,2019-11-12
100351,Jason Jones,tammy18@example.org,2019-11-12
100352,Lori Ross,michelemacias@example.org,2019-11-12
100353,Casey Taylor,ibeck@example.com,2019-11-12
100354,Zachary Howard,zunigacolleen@example.org,2019-11-12
100355,Stefanie Watson,christopherreed@example.com,2019-11-12
100356,Stephanie Strickland,daniel83@example.net,2019-11-12
100357,Michael Stevenson,alexis06@example.net,2019-11-12
100358,Ruth Rodriguez,tammyhuffman@example.net,2019-11-12
100359,Carly Rasmussen,elizabeth77@example.net,2019-11-12
100360,Stacy Campbell,rtucker@example.com,2019-11-12
100361,Jeffrey Murphy,colleencarr@example.com,2019-11-12
100362,Joshua Wilson,yolanda47@example.org,2019-11-12
100363,Adam Kane,brittney31@example.org,2019-11-12
100364,Katrina Stevenson,nmay@example.org,2019-11-12
100365,Audrey Benson,jwhite@example.com,2019-11-12
100366,Rachel Vargas,pgutierrez@example.net,2019-11-12
100367,Denise Baker,caseyhailey@example.net,2019-11-12
100368,James Pope,robertbird@example.com,2019-11-12
100369,Alicia Duran,williammorrison@example.com,2019-11-12
100370,Michelle Morris,wstewart@example.org,2019-11-12
100371,Alexander Taylor,ledaniel@example.net,2019-11-12
100372,Erik Gray,michellemanning@example.net,2019-11-12
100373,Alicia Hodges,mcgeetimothy@example.net,2019-11-12
100374,Lauren Estrada,kcruz@example.net,2019-11-12
100375,Daniel Gutierrez,ericjones@example.com,2019-11-12
100376,Jane Lopez,gdaniel@example.org,2019-11-12
100377,Lisa Barker,wilsonalfred@example.com,2019-11-12
100378,Jennifer Acosta,glogan@example.org,2019-11-12
100379,Paul Campbell,johnbarnett@example.com,2019-11-12
100380,Justin Stone,jillianhunt@example.net,2019-11-12
100381,Timothy Douglas,weaverjeffrey@example.com,2019-11-12
100382,Yolanda Delgado,russobryan@example.org,2019-11-12
100383,David Cunningham,scott82@example.net,2019-11-12
100384,Stephen Beard,garrettjennifer@example.net,2019-11-12
100385,Rebecca Fisher,debrabaker@example.com,2019-11-12
100386,Jonathan Miles,cesar98@example.com,2019-11-12
100387,William Russell,audrey74@example.org,2019-11-12
100388,Teresa Cunningham,nicoleday@example.net,2019-11-12
100389,Jose Hart,lance03@example.com,2019-11-12
100390,Judy Schaefer,kevinhernandez@example.net,2019-11-12
100391,Janet Gregory,eroberts@example.net,2019-11-12
100392,Tracey Nelson,pricejuan@example.org,2019-11-12
100393,Madison Whitney,qhatfield@example.com,2019-11-12
100394,Brandon Sullivan,thomasroy@example.com,2019-11-12
100395,Megan Petty,rodgersjennifer@example.org,2019-11-12
100396,Susan Johnson,michael15@example.com,2019-11-12
100397,John Williams,amy13@example.net,2019-11-12
100398,Ashley Soto,fpeters@example.com,2019-11-12
100399,Benjamin Patterson,christopherwilliams@example.org,2019-11-12
100400,Julia Gonzales,torrestracy@example.com,2019-11-12
100401,Christine King,daniel15@example.org,2019-11-12
100402,Frank Mills,linda72@example.net,2019-11-12
100403,Ashley Barrett,conwaykimberly@example.net,2019-11-12
100404,John Walsh,powellbailey@example.org,2019-11-12
100405,Carly Cunningham,timothyfuller@example.org,2019-11-12
100406,Stacy Gray,watsondanielle@example.net,2019-11-12
100407,Elizabeth Anderson,gallowaymelinda@example.net,2019-11-12
100408,Elizabeth Beard,rsingh@example.net,2019-11-12
100409,Ashley Cruz,jillianblanchard@example.net,2019-11-12
100410,Andrew Martinez,sharon29@example.com,2019-11-12
100411,Melissa Jones,kristinawebb@example.org,2019-11-12
100412,Jeffrey Bailey,maryparks@example.org,2019-11-12
100413,Rachel Warner,kevinmitchell@example.org,2019-11-12
100414,Carol Gomez,robertwalker@example.org,2019-11-12
100415,Vincent Ellis,reynoldsjennifer@example.com,2019-11-12
100416,Angela Delacruz,imccarthy@example.org,2019-11-12
100417,Thomas Atkins,justinmclean@example.net,2019-11-12
100418,Robert Morris,sarahbrown@example.net,2019-11-12
100419,Matthew Ellison,nsimmons@example.org,2019-11-12
100420,Michael Cox,belinda74@example.org,2019-11-12
100421,David Lambert,kevinsantos@example.net,2019-11-12
100422,Sierra Robinson,watsongerald@example.net,2019-11-12
100423,Kim Holden,gonzaleschristopher@example.net,2019-11-12
100424,Mackenzie Robinson,mullinsrobert@example.com,2019-11-12
100425,Stacey Brooks,lconrad@example.net,2019-11-12
100426,Laura Davis,zpalmer@example.com,2019-11-12
100427,Elizabeth Taylor,kirbyscott@example.com,2019-11-12
100428,Elizabeth Crane,antonio76@example.org,2019-11-12
100429,Melissa Diaz,jeffreymorgan@example.net,2019-11-12
100430,Jeffrey Smith,brent17@example.org,2019-11-12
100431,Holly Pace,rmiller@example.org,2019-11-12
100432,Isaiah Burton,angela66@example.com,2019-11-12
100433,Andre Adams,brucechase@example.org,2019-11-12
100434,Christopher Mcintosh,aguilarrebecca@example.org,2019-11-12
100435,Kelly Ali,davidmiller@example.com,2019-11-12
100436,Paul Evans,gochoa@example.com,2019-11-12
100437,Logan Taylor,patrick54@example.com,2019-11-12
100438,Savannah Nelson,sherievans@example.org,2019-11-12
100439,Ashley Hammond,wmoore@example.org,2019-11-12
100440,Cassandra Bryant,howardcarla@example.org,2019-11-12
100441,Emily Hernandez,esanders@example.com,2019-11-12
100442,Dorothy Nguyen,lunabilly@example.com,2019-11-12
100443,Rebecca Thomas,christina99@example.org,2019-11-12
100444,Michelle Gonzalez,maciasbrandon@example.org,2019-11-12
100445,Robert Barton,isaiahmcgee@example.org,2019-11-12
100446,Dana Robertson,mitchell14@example.net,2019-11-12
100447,Rhonda Brown,taylor42@example.net,2019-11-12
100448,Maria Moreno,richardsontiffany@example.net,2019-11-12
100449,Danny Adams,carlos95@example.org,2019-11-12
100450,Nicole Jennings,afoster@example.net,2019-11-12
100451,Brian Nichols,andersonjohn@example.org,2019-11-12
100452,Thomas Beck,connie60@example.com,2019-11-12
100453,Gerald Guzman,amandawiley@example.org,2019-11-12
100454,Tami Murphy,tfox@example.org,2019-11-12
100455,Scott Taylor,sean59@example.net,2019-11-12
100456,Danny Navarro,damon46@example.net,2019-11-12
100457,Stacy Whitaker,austinjohn@example.com,2019-11-12
100458,Rebecca Ray,zimmermanchristine@example.org,2019-11-12
100459,Jason Curry,guerrerobeth@example.net,2019-11-12
100460,Luke Atkins,sjohnson@example.net,2019-11-12
100461,Ronald Jones,samantha31@example.org,2019-11-12
100462,Antonio Jones,erin16@example.com,2019-11-12
100463,Clinton Barnes,claudia68@example.com,2019-11-12
100464,Judy Lowe,michael19@example.com,2019-11-12
100465,William Parker,douglas45@example.com,2019-11-12
100466,Patricia Webster,harrischristopher@example.org,2019-11-12
100467,Adriana Wheeler,brenda19@example.com,2019-11-12
100468,Edward Blake,lrice@example.org,2019-11-12
100469,Ashley Knapp,wrichardson@example.org,2019-11-12
100470,Stephanie Haynes,astephens@example.net,2019-11-12
100471,Madison Stone,shernandez@example.com,2019-11-12
100472,Shari Willis,fryebrenda@example.com,2019-11-12
100473,Cassandra Smith,vlowe@example.org,2019-11-12
100474,Gabriela Vargas,lisamyers@example.org,2019-11-12
100475,Travis Valdez,samuel32@example.org,2019-11-12
100476,Beverly Wolf,ubrock@example.com,2019-11-12
100477,Jessica Sandoval,ricardo88@example.org,2019-11-12
100478,Katrina Phillips,robin16@example.net,2019-11-12
100479,Alyssa Brown,brandonrice@example.org,2019-11-12
100480,Brittany Smith,umartinez@example.org,2019-11-12
100481,Cindy Nguyen,wolfcharles@example.org,2019-11-12
100482,Jennifer Henderson,kimberly47@example.com,2019-11-12
100483,Kurt Richards,martinezzachary@example.com,2019-11-12
100484,Leslie Knight,keykatelyn@example.net,2019-11-12
100485,Brandon Holland,stephenhernandez@example.com,2019-11-12
100486,Melissa Smith,kristen97@example.com,2019-11-12
100487,Amanda Bennett,angelaellison@example.org,2019-11-12
100488,Kelly Perkins,christinamassey@example.net,2019-11-12
100489,Joshua Yates,barnetttricia@example.com,2019-11-12
100490,Dennis Harrison,jonathan53@example.com,2019-11-12
100491,Mary Rivas,hulljames@example.com,2019-11-12
100492,Ariana Martin,kyoung@example.com,2019-11-12
100493,Shawn Snyder,leslievillanueva@example.com,2019-11-12
100494,Phillip White,silvaryan@example.com,2019-11-12
100495,Melissa Clay,smithkatherine@example.org,2019-11-12
100496,Savannah Palmer,hammondlaura@example.com,2019-11-12
100497,Tara Garcia,kellymartin@example.com,2019-11-12
100498,Mark Jimenez,hestermary@example.org,2019-11-12
100499,Alicia Bruce,monica78@example.com,2019-11-12
100500,William Williams,ilewis@example.net,2019-11-12
